Num,Plaats,Datum,Time hh:mm:ss,Magnitude,Diepte_km,Easting,Northing,Province
1,Middelstum,05/12/1991,00:24:55,2.4,3,239542,597592,Groningen
2,Ten Boer,06/12/1992,20:34:32,1.3,3,245147,593464,Groningen
3,Slochteren,11/12/1992,13:00:50,1.4,3,245845,581232,Groningen
4,Noordbroek,12/02/1993,11:46:00,1,3,253736,590738,Groningen
5,Hoogezand,12/03/1993,22:12:41,0.9,3,249829,575743,Groningen
6,Overschild,26/03/1993,18:34:21,1.1,3,248888,589639,Groningen
7,Haren,05/05/1993,20:08:32,1.5,3,241769,577483,Groningen
8,Ten Post,14/05/1993,19:39:42,1.1,3,248711,591862,Groningen
9,Bedum,27/06/1993,02:08:51,1.4,3,239158,592910,Groningen
10,Stedum,27/06/1993,02:57:10,1,3,239826,592810,Groningen
11,Appingedam,10/07/1993,00:22:34,1.4,3,251581,595036,Groningen
12,Loppersum,27/07/1993,13:39:18,0.8,3,249643,595331,Groningen
13,Nijenklooster,23/08/1993,00:51:21,0.7,3,252316,594940,Groningen
14,Oldenzijl,04/09/1993,02:24:50,1.4,3,246721,598280,Groningen
15,Middelstum,22/09/1993,17:37:03,2,3,240720,598726,Groningen
16,Slochteren,25/09/1993,00:21:33,0.9,3,250191,581093,Groningen
17,Slochteren,23/11/1993,12:31:47,2.2,3,250739,580436,Groningen
18,Ten Post,22/12/1993,02:04:42,1.6,3,246068,590587,Groningen
19,Winneweer,04/02/1994,21:32:38,1.3,3,247643,591953,Groningen
20,Garsthuizen,28/02/1994,21:00:16,0.6,3,243712,599003,Groningen
21,Steendam,02/03/1994,10:36:38,1.5,3,249702,588987,Groningen
22,Eenrum,06/03/1994,20:02:31,1,3,249472,593881,Groningen
23,t-Zandt',14/03/1994,09:31:01,1.3,3,249623,596333,Groningen
24,Zandeweer,14/03/1994,10:44:00,1.6,3,241009,601180,Groningen
25,Westerbroek,14/03/1994,22:32:09,1.1,3,245929,576781,Groningen
26,Delfzijl,24/03/1994,05:29:03,0.8,3,259949,593319,Groningen
27,Steendam,04/04/1994,18:46:11,1.3,3,251111,588570,Groningen
28,Kolham,07/05/1994,20:08:53,1,3,249287,579517,Groningen
29,Hellum,10/05/1994,01:34:11,0.8,3,251688,583127,Groningen
30,Weiwerd,05/06/1994,02:14:50,1,3,259203,590854,Groningen
31,Achterdiep,06/06/1994,04:08:26,1,3,251042,575322,Groningen
32,Garsthuizen,08/06/1994,22:20:24,1.5,3,241204,597733,Groningen
33,De Klip,26/06/1994,17:44:38,1,3,252576,595279,Groningen
34,Uithuizermeeden,27/06/1994,20:58:53,1.7,3,246926,604964,Groningen
35,Stedum,01/07/1994,06:27:42,2.7,3,236677,593757,Groningen
36,t-Zandt',19/07/1994,08:17:29,2,3,245238,599254,Groningen
37,Middelstum,30/07/1994,09:18:20,2.7,1,237625,596779,Groningen
38,Middelstum,30/07/1994,09:53:29,1.3,1,234203,598280,Groningen
39,Warffum,07/09/1994,22:06:04,1.4,3,234002,602395,Groningen
40,Schildwolde,26/10/1994,21:41:01,1.2,3,245102,585225,Groningen
41,Steendam,13/12/1994,21:50:46,1,3,250228,589332,Groningen
42,Amsweer,24/01/1995,09:38:39,1.3,3,255618,593227,Groningen
43,Doekegat,21/03/1995,16:37:44,1.1,3,256396,606825,Groningen
44,Loppersum,06/04/1995,08:03:43,2,3,241069,597841,Groningen
45,Weiwerd,15/05/1995,09:52:39,1.8,3,258833,592516,Groningen
46,Veenhuizen,15/07/1995,16:05:39,1,3,250931,580885,Groningen
47,Meedhuizen,21/07/1995,23:24:40,1.1,3,260113,588870,Groningen
48,Wirdumerdraai,13/09/1995,21:34:36,1.1,3,244317,595118,Groningen
49,Loppersum,02/11/1995,01:07:00,1.6,3,243615,596997,Groningen
50,Uithuizerwad,04/11/1995,05:50:43,1.8,3,243638,610134,Groningen
51,Steendam,20/11/1995,02:20:54,1.1,3,246624,592935,Groningen
52,Schaaphok,12/02/1996,14:02:24,0.9,3,247083,586376,Groningen
53,Eppenhuizen,29/02/1996,08:07:34,2,3,238439,595903,Groningen
54,Appingedam,16/03/1996,04:16:32,1.4,3,252393,591156,Groningen
55,Ten Boer,15/04/1996,03:41:31,0.9,3,241745,589950,Groningen
56,Holwierde,17/04/1996,19:05:12,0.9,3,254590,597770,Groningen
57,Warffum,21/04/1996,21:36:02,0.5,3,235381,599524,Groningen
58,Delfzijl,25/04/1996,23:22:20,0.9,3,253261,597631,Groningen
59,Garrelsweer,07/06/1996,08:34:07,1.3,3,247703,592288,Groningen
60,Oterdumerwarven,09/08/1996,06:38:47,1.6,3,259753,590087,Groningen
61,t-Zandt',16/11/1996,03:33:49,1.3,3,246073,597377,Groningen
62,Schaaphok,26/12/1996,19:52:05,-0.2,3,246939,586930,Groningen
63,Westeremden,08/01/1997,01:20:54,1.5,3,243311,595433,Groningen
64,Zijldijk,17/02/1997,07:20:55,1.6,3,245805,600935,Groningen
65,Woudbloem,25/03/1997,00:13:07,-0.2,3,245823,585907,Groningen
66,Noordbroek,09/04/1997,22:21:43,0.5,3,253750,580275,Groningen
67,Schildwolde,29/04/1997,18:16:46,1.4,3,249500,585644,Groningen
68,Weiwerd,04/05/1997,02:42:39,1.1,3,257855,591493,Groningen
69,Kropswolde,04/05/1997,04:29:09,0.8,3,245314,573875,Groningen
70,Opwierde,06/06/1997,19:39:18,1.2,3,254207,590525,Groningen
71,t-Zandt',19/06/1997,23:19:25,1.8,3,245920,598376,Groningen
72,Lageland,23/07/1997,06:44:36,1.2,3,246168,585357,Groningen
73,Lageland,23/08/1997,19:39:35,1.6,3,241511,584380,Groningen
74,Wirdum,13/09/1997,21:30:41,1.1,3,245576,595476,Groningen
75,Zandeweer,01/11/1997,22:56:25,1.4,3,242597,605328,Groningen
76,Wirdum,04/11/1997,19:55:01,1.7,3,248661,594422,Groningen
77,Slochteren,20/11/1997,17:35:21,1.2,3,248860,580845,Groningen
78,Woudbloem,26/11/1997,02:35:37,0.2,3,246954,586151,Groningen
79,Meedhuizen,03/12/1997,14:47:19,1.8,3,255704,589109,Groningen
80,Siddeburen,03/12/1997,15:01:03,1.3,3,253183,585161,Groningen
81,Termunterzijl,23/12/1997,06:21:32,1.3,3,263481,593398,Groningen
82,Woudbloem,31/01/1998,08:39:39,0.7,3,245657,584123,Groningen
83,Meedhuizen,05/02/1998,21:11:49,1.1,3,258210,590499,Groningen
84,t-Zandt',15/02/1998,07:24:16,2.6,3,247269,597512,Groningen
85,Westeremden,29/03/1998,06:06:40,1.3,3,244429,596233,Groningen
86,Zeerijp,19/04/1998,08:00:12,1.5,3,243975,595557,Groningen
87,Uithuizen,19/04/1998,15:32:35,1.6,3,241072,605077,Groningen
88,Scharmer,30/04/1998,01:08:41,0.9,3,243199,579736,Groningen
89,Oldenzijl,18/05/1998,22:03:42,1.3,3,244439,602801,Groningen
90,Slochteren,30/05/1998,09:43:15,0.9,3,247864,580491,Groningen
91,Froombosch,14/08/1998,19:25:16,1.1,3,249625,579301,Groningen
92,Overschild,24/08/1998,04:28:58,2.4,3,249860,591106,Groningen
93,Zeerijp,04/10/1998,03:28:32,1,3,245611,597146,Groningen
94,Oldenzijl,12/12/1998,07:51:39,2,3,242203,601424,Groningen
95,Slochteren,26/12/1998,23:48:02,1.6,3,251378,581896,Groningen
96,Zeerijp,13/01/1999,19:36:37,2.1,3,247529,597851,Groningen
97,Siddeburen,31/01/1999,04:53:00,0.4,3,250955,586341,Groningen
98,Wirdum,06/03/1999,05:56:39,1.6,3,247668,594068,Groningen
99,Appingedam,21/04/1999,10:59:56,1.4,3,251828,592703,Groningen
100,Stedum,08/05/1999,20:40:18,1.6,3,242472,593971,Groningen
101,Sappemeer,21/05/1999,00:09:38,0.7,3,250489,576201,Groningen
102,Garsthuizen,10/08/1999,23:24:18,1.4,3,244153,600347,Groningen
103,Westeremden,11/08/1999,01:18:00,0.7,3,242562,596310,Groningen
104,Sappemeer,08/12/1999,05:39:28,0.3,3,249587,577853,Groningen
105,Schildwolde,09/12/1999,09:38:00,1.1,3,249507,585310,Groningen
106,Sappemeer,09/12/1999,09:52:12,1,3,249311,578293,Groningen
107,Achterdiep,10/12/1999,06:13:32,1.4,3,248927,577395,Groningen
108,Westeremden,20/12/1999,12:29:29,1.5,3,243083,596988,Groningen
109,Kolham,21/12/1999,04:52:37,1,3,247090,579029,Groningen
110,Delfzijl,24/12/1999,23:52:41,1.8,3,258940,593743,Groningen
111,Appingedam,12/02/2000,19:48:10,1.7,3.5,250609,593681,Groningen
112,Westeremden,19/03/2000,16:13:36,1.6,3,242302,595971,Groningen
113,Engelbert,08/04/2000,11:07:29,1.2,3,238172,580537,Groningen
114,Godlinze,08/04/2000,21:13:17,1.1,3,252031,599164,Groningen
115,Ten Boer,14/04/2000,23:07:47,1.2,3,247305,592169,Groningen
116,Garsthuizen,16/05/2000,01:11:14,1.9,3,243025,600103,Groningen
117,Loppersum,11/06/2000,04:12:20,2,3,246620,596609,Groningen
118,Loppersum,12/06/2000,15:48:23,2.5,3,245239,595692,Groningen
119,Siddeburen,15/06/2000,01:42:24,2.5,3,252367,589152,Groningen
120,Loppersum,06/07/2000,23:09:56,1.2,3,245905,595704,Groningen
121,t-Zandt',16/07/2000,01:34:12,1.5,3,247844,598747,Groningen
122,Meedhuizen,26/12/2000,16:33:57,1.4,3,256536,590797,Groningen
123,Lageland,18/03/2001,04:14:20,1.6,3,242104,584836,Groningen
124,Hoornsedijk,17/05/2001,07:48:15,1.4,3,236896,576953,Groningen
125,Overschild,21/06/2001,03:50:49,1.7,3,249200,590759,Groningen
126,Schaaphok,10/10/2001,14:06:43,1,3,246852,584479,Groningen
127,Schaaphok,10/10/2001,14:06:57,0.8,3,246850,584591,Groningen
128,Appingedam,12/11/2001,14:33:15,1.4,3,286437,636065,Groningen
129,Woudbloem,04/12/2001,19:08:31,0.2,3,248396,580613,Groningen
130,Woudbloem,04/12/2001,19:08:37,0,3,248396,580613,Groningen
131,Woudbloem,04/12/2001,22:33:37,1,3,245578,581227,Groningen
132,Slochteren,11/12/2001,15:17:17,0.7,3,248569,582063,Groningen
133,Zandeweer,25/12/2001,23:28:11,1.1,3,241128,601961,Groningen
134,Stedum,05/02/2002,10:30:39,2.2,3,243617,593324,Groningen
135,Oosterwijtwerd,27/02/2002,03:52:14,1.1,3,250906,595468,Groningen
136,Bierum,10/05/2002,10:33:48,1.7,3,252811,600071,Groningen
137,Froombosch,18/07/2002,05:31:16,1.6,3,248297,578830,Groningen
138,Luddeweer,29/08/2002,21:13:22,0,3,245767,585349,Groningen
139,Tjuchem,17/12/2002,00:23:18,0.9,3,253209,590394,Groningen
140,Spitsbergen,18/12/2002,20:31:09,0.8,3,252604,577468,Groningen
141,Loppersum,01/01/2003,19:16:15,1,3,245311,595359,Groningen
142,Overschild,18/01/2003,18:12:43,1,3,247217,589830,Groningen
143,Winneweer,23/01/2003,07:46:16,1.6,3,245974,592032,Groningen
144,Leermens,30/01/2003,01:27:30,1.5,3,248631,595980,Groningen
145,Denemarken,31/01/2003,15:20:47,0.3,3,248135,583725,Groningen
146,De Paauwen,06/02/2003,19:25:24,0.3,3,247143,586711,Groningen
147,Zeerijp,11/02/2003,19:29:49,1.3,3,247277,597066,Groningen
148,De Paauwen,12/02/2003,06:22:20,0.8,3,250072,587102,Groningen
149,Westeremden,28/02/2003,21:54:18,0.7,3,244408,597346,Groningen
150,Middelstum,03/03/2003,20:51:21,2.2,3,239871,597820,Groningen
151,Hoogezand,06/03/2003,20:15:18,0.9,3,246391,573562,Groningen
152,Kantens,09/03/2003,05:31:26,1.1,3,238383,599130,Groningen
153,Emmapolder(Eemshaven),23/03/2003,16:00:03,1.5,3,247717,608764,Groningen
154,Harkstede,29/03/2003,21:09:01,0.4,3,241449,584156,Groningen
155,Oldenklooster,01/04/2003,00:25:52,0.3,3,252510,598506,Groningen
156,Loppersum,02/04/2003,20:19:48,1.9,3,243640,595662,Groningen
157,Engelbert,05/04/2003,16:49:48,0.3,3,238031,580979,Groningen
158,Overschild,06/04/2003,00:07:50,0.1,3,248916,588193,Groningen
159,Ruiten,06/04/2003,00:57:27,1,3,246056,580679,Groningen
160,Ruiten,06/04/2003,23:02:04,0.7,3,246922,580807,Groningen
161,Overschild,16/04/2003,16:20:42,0.7,3,247563,589168,Groningen
162,Schaaphok,18/04/2003,23:59:55,0,3,246187,584355,Groningen
163,Schaaphok,20/04/2003,00:19:39,0.1,3,245969,585242,Groningen
164,Ten Boer,28/04/2003,21:56:11,1,3,244358,589330,Groningen
165,Ten Boer,29/04/2003,02:55:04,1.3,3,244556,589445,Groningen
166,Siddeburen,14/05/2003,20:52:15,0.8,3,253627,586283,Groningen
167,Siddeburen,14/05/2003,22:23:46,0.8,3,252419,586593,Groningen
168,Siddeburen,31/05/2003,23:12:25,0.8,3,254310,585518,Groningen
169,Stedum,03/06/2003,16:15:38,1.5,3,241315,595286,Groningen
170,Harkstede,06/06/2003,14:27:16,0.7,3,241473,582821,Groningen
171,Froombosch,08/06/2003,05:30:47,1,3,248623,579282,Groningen
172,Woltersum,08/06/2003,08:14:16,1.5,3,245050,588007,Groningen
173,Zeerijp,07/08/2003,08:24:21,1.7,3,246285,596714,Groningen
174,Zeerijp,07/08/2003,10:56:39,1.3,3,245628,596256,Groningen
175,Uithuizen,22/09/2003,17:50:11,2.4,3,241531,601746,Groningen
176,Westeremden,27/09/2003,13:57:54,2.7,3,242225,596527,Groningen
177,Hoeksmeer,24/10/2003,01:52:41,3,3,248666,590748,Groningen
178,Hoeksmeer,26/10/2003,09:17:00,1.2,3,248380,591744,Groningen
179,Froombosch,29/10/2003,14:30:09,1,3,248289,579275,Groningen
180,Stedum,10/11/2003,00:22:38,3,3,241806,593959,Groningen
181,Westeremden,10/11/2003,02:40:55,1.4,3,243089,596654,Groningen
182,Stedum,16/11/2003,20:04:11,2.7,3,242566,596088,Groningen
183,Garrelsweer,26/12/2003,10:09:58,1.4,3,249278,593543,Groningen
184,Delfzijl,29/12/2003,13:09:59,1.5,3,258285,596289,Groningen
185,Kolham,12/01/2004,01:05:47,1.6,3,245755,578893,Groningen
186,Woltersum,24/01/2004,13:53:44,1,3,243916,587986,Groningen
187,Appingedam,30/01/2004,11:47:40,1.2,3,253690,592964,Groningen
188,Meedhuizen,08/03/2004,01:41:16,0.4,3,255540,590553,Groningen
189,Wagenborgen,21/03/2004,17:05:44,1.4,3,257161,586468,Groningen
190,Steendam,26/03/2004,02:32:45,0.5,3,253383,588393,Groningen
191,Lageland,30/04/2004,22:12:43,0.5,3,243466,583414,Groningen
192,Garnwerd,24/05/2004,05:03:13,1.4,3,230839,592103,Groningen
193,Garnwerd,29/05/2004,21:06:42,0.8,3,229709,591863,Groningen
194,Garnwerd,31/05/2004,00:59:19,0.3,3,230367,592429,Groningen
195,Doodstil,10/06/2004,01:13:26,2.1,3,239876,601271,Groningen
196,Appingedam,27/07/2004,22:49:45,1.2,3,254090,596201,Groningen
197,Kleinemeer,21/08/2004,01:06:32,1.8,3,249020,576061,Groningen
198,Uithuizen,18/09/2004,03:33:12,1.2,3,242486,604101,Groningen
199,Winneweer,22/09/2004,12:44:33,1.5,3,245366,592466,Groningen
200,Zeerijp,30/10/2004,11:40:52,1.4,3,247602,597518,Groningen
201,Overschild,13/11/2004,12:15:57,1.2,3,249342,590316,Groningen
202,Wittewierum,24/11/2004,18:18:57,1.9,3,246079,590030,Groningen
203,Froombosch,25/11/2004,14:25:54,0.6,3,247549,579483,Groningen
204,Winneweer,26/11/2004,06:58:01,1.6,3,244960,592792,Groningen
205,Engelbert,16/12/2004,21:14:30,0.8,3,239458,583453,Groningen
206,Wirdum,09/01/2005,23:59:38,1.7,3,248939,593870,Groningen
207,Wirdum,17/01/2005,00:00:55,1.1,3,249685,593217,Groningen
208,Ten Boer,30/01/2005,02:31:34,1,3,242036,588620,Groningen
209,Bedum,08/02/2005,13:20:33,2.3,3,238358,592896,Groningen
210,Zijldijk,16/02/2005,10:46:17,1.3,3,248496,602879,Groningen
211,Westeremden,18/02/2005,12:55:46,1.3,3,244772,595683,Groningen
212,Schaaphok,18/02/2005,18:49:25,0.5,3,246001,583573,Groningen
213,Schaaphok,18/02/2005,22:05:52,1.6,3,244449,584434,Groningen
214,Hoogezand,20/02/2005,06:03:24,0,3,249125,577510,Groningen
215,Appingedam,25/02/2005,03:46:09,1.6,3,249909,595337,Groningen
216,Schaapbulten,01/03/2005,16:31:59,1.2,3,257260,594375,Groningen
217,Wagenborgen,08/03/2005,23:00:58,0.9,3,256947,587132,Groningen
218,Oosterwijtwerd,10/03/2005,02:04:39,2,3,249763,596002,Groningen
219,De Paauwen,21/03/2005,10:58:33,0.9,3,247081,586487,Groningen
220,Overschild,02/04/2005,23:21:08,1.2,3,249121,587974,Groningen
221,Overschild,18/04/2005,19:11:16,1,3,249468,587313,Groningen
222,Tjuchem,21/04/2005,20:49:21,0.9,3,254876,590428,Groningen
223,Appingedam,22/04/2005,00:14:49,0.8,3,252978,595176,Groningen
224,Vierburen,30/04/2005,19:28:02,1,3,242403,597754,Groningen
225,Siddeburen,17/05/2005,08:50:14,1,3,255547,583874,Groningen
226,Noordbroek,25/05/2005,21:33:46,1.1,3,252762,579586,Groningen
227,Westeremden,30/05/2005,15:36:45,2.3,3,243101,595986,Groningen
228,Oosterwijtwerd,22/06/2005,16:02:02,1.5,3,250322,594677,Groningen
229,Lageland,09/07/2005,17:01:37,1.1,3,241647,584271,Groningen
230,Winneweer,17/07/2005,18:07:07,1.8,3,245616,593361,Groningen
231,Harkstede,25/07/2005,03:21:58,0.8,3,243503,581411,Groningen
232,Sappemeer,05/08/2005,19:23:02,2.2,3,250141,576862,Groningen
233,Garrelsweer,10/09/2005,02:05:11,1.2,3,247288,593059,Groningen
234,Eppenhuizen,05/10/2005,09:16:02,1.7,3,238596,594570,Groningen
235,Diddingehuizen,23/10/2005,17:03:38,1.9,3,240724,598503,Groningen
236,Harkstede,11/11/2005,17:02:29,1.4,3,242476,582728,Groningen
237,Harkstede,02/01/2006,12:00:45,1.1,3,242319,584061,Groningen
238,Hoogezand,14/01/2006,22:29:54,0.3,3,247251,577585,Groningen
239,Wittewierum,18/01/2006,08:12:46,1.5,3,246877,590157,Groningen
240,Overschild,18/01/2006,22:08:15,1.6,3,247445,588387,Groningen
241,Loppersum,20/01/2006,20:22:50,1.3,3,245114,595244,Groningen
242,Lageland,23/01/2006,11:17:39,1.9,3,242450,584175,Groningen
243,Spijk,28/01/2006,03:00:42,1.1,3,250212,600241,Groningen
244,Siddeburen,11/02/2006,20:01:35,1.3,3,252421,586481,Groningen
245,Hoeksmeer,12/02/2006,14:36:38,1.5,3,248862,590975,Groningen
246,Wirdumerdraai,24/02/2006,04:50:30,1.3,3,248363,592635,Groningen
247,Kropswolde,04/03/2006,04:32:33,1.8,3,245649,573882,Groningen
248,Ten Post,21/03/2006,14:50:33,2.4,3,246185,591480,Groningen
249,Overschild,23/03/2006,03:12:23,2.2,3,247759,589395,Groningen
250,Delfzijl,05/04/2006,01:41:09,1.4,3,255086,596333,Groningen
251,Steendam,12/04/2006,05:20:29,1.2,3,251723,588026,Groningen
252,Garmerwolde,13/04/2006,07:38:51,1.5,3,239106,584449,Groningen
253,Garrelsweer,16/04/2006,13:51:52,1.9,3,248034,592406,Groningen
254,Garrelsweer,16/04/2006,18:44:54,1.1,3,247161,592723,Groningen
255,Stedum,19/04/2006,17:39:15,1.6,3,241450,595177,Groningen
256,Loppersum,22/04/2006,03:41:54,1.5,3,245936,594035,Groningen
257,Warffum,22/04/2006,17:03:13,0.4,3,235569,600195,Groningen
258,Delfzijl,23/04/2006,01:18:18,0.9,3,254634,595655,Groningen
259,Wirdumerdraai,02/05/2006,16:52:01,1,3,248958,592869,Groningen
260,Wittewierum,03/05/2006,19:16:37,1.2,3,247010,590159,Groningen
261,Westeremden,07/05/2006,16:11:32,1.4,3,243563,596217,Groningen
262,Lageland,22/05/2006,20:23:40,0.9,3,242509,584621,Groningen
263,Schildwolde,06/06/2006,03:17:34,1.4,3,249992,584429,Groningen
264,Lageland,08/06/2006,23:31:06,0.8,3,241977,584500,Groningen
265,Overschild,16/06/2006,21:06:46,1.6,3,247206,590386,Groningen
266,Garrelsweer,17/06/2006,02:43:08,1.2,3,247062,590940,Groningen
267,Appingedam,17/06/2006,13:16:21,1.4,3,252587,594723,Groningen
268,Garrelsweer,23/06/2006,22:35:43,1.7,3,246686,593159,Groningen
269,Oosterwijtwerd,24/06/2006,16:42:19,1.2,3,250631,595908,Groningen
270,Godlinze,12/07/2006,00:13:56,0.9,3,249903,599010,Groningen
271,Appingedam,12/07/2006,22:56:23,1.3,3,253701,592408,Groningen
272,Appingedam,16/07/2006,08:10:39,1.5,3,253648,591739,Groningen
273,Westeremden,08/08/2006,05:04:00,3.5,3,242221,596749,Groningen
274,Westeremden,08/08/2006,09:49:23,2.5,3,242889,596650,Groningen
275,Harkstede,11/08/2006,06:21:23,1.1,3,240817,582141,Groningen
276,Westeremden,26/08/2006,22:41:18,2.3,3,243234,595988,Groningen
277,Peizermade,06/09/2006,01:37:32,1.8,3,230851,578635,Groningen
278,Garsthuizen,27/09/2006,23:30:44,1.6,3,241521,598629,Groningen
279,Hoeksmeer,06/10/2006,00:10:28,1.6,3,248518,591524,Groningen
280,Garsthuizen,23/10/2006,13:38:05,2.3,3,244905,599248,Groningen
281,Delfzijl,25/10/2006,09:45:41,1.4,3,257329,594265,Groningen
282,Oldenzijl,26/10/2006,13:59:37,1.4,3,242664,601655,Groningen
283,Schaaphok,05/11/2006,15:00:25,1.2,3,248714,588300,Groningen
284,Delfzijl,10/01/2007,18:36:28,1.5,3,254629,595878,Groningen
285,Overschild,18/01/2007,22:29:44,0.9,3,247044,588379,Groningen
286,Zeerijp,26/01/2007,00:20:09,2.3,3,246079,597044,Groningen
287,Zandeweer,31/01/2007,01:03:35,1.2,3,240521,598722,Groningen
288,Middelstum,04/02/2007,04:47:35,0.6,3,239632,596257,Groningen
289,Harkstede,16/02/2007,11:14:09,1.5,3,242802,583179,Groningen
290,Harkstede,17/02/2007,01:41:14,2.6,3,242871,583069,Groningen
291,Harkstede,17/02/2007,02:21:08,0.9,3,241533,583156,Groningen
292,Krewerd,17/02/2007,19:58:01,0.9,3,252873,597066,Groningen
293,Harkstede,03/03/2007,06:43:33,1.1,3,243189,583965,Groningen
294,Wirdum,11/03/2007,01:08:14,1.1,3,247800,594182,Groningen
295,Schaaphok,21/03/2007,23:04:36,1.2,3,244113,584539,Groningen
296,Lageland,30/03/2007,16:25:05,1.2,3,243120,584075,Groningen
297,Harkstede,01/04/2007,15:42:37,0.7,3,241997,583387,Groningen
298,Woudbloem,13/04/2007,14:57:28,1.2,3,245544,583007,Groningen
299,Stedum,14/05/2007,12:19:24,2,3,242593,594641,Groningen
300,Westeind,19/05/2007,05:33:22,0.4,3,251360,576107,Groningen
301,Zeerijp,09/06/2007,20:07:33,2.1,3,245544,597145,Groningen
302,Bedum,10/06/2007,17:27:40,1.7,3,236673,593980,Groningen
303,Bedum,11/06/2007,02:18:12,1.1,3,239348,593470,Groningen
304,Stedum,23/06/2007,02:01:45,1.2,3,242688,593084,Groningen
305,Garsthuizen,15/08/2007,05:49:24,1.5,3,244512,598906,Groningen
306,Leermens,17/09/2007,05:01:20,1.5,3,249093,596211,Groningen
307,Schildwolde,18/09/2007,06:16:33,0.9,3,249329,584193,Groningen
308,Fraamklap,28/09/2007,05:26:40,1.2,3,237317,595327,Groningen
309,Froombosch,30/09/2007,14:17:35,2.1,3,248618,579504,Groningen
310,Loppersum,27/10/2007,01:57:51,2,3,245653,594920,Groningen
311,Overschild,13/11/2007,10:26:05,1.7,3,250738,590566,Groningen
312,Sauwerd,10/12/2007,03:59:13,0.7,3,231528,590667,Groningen
313,Garmerwolde,07/01/2008,21:53:16,1.1,3,239835,584796,Groningen
314,Bedum,24/01/2008,19:21:01,1.5,3,247612,579707,Groningen
315,Garrelsweer,12/02/2008,02:48:49,0.9,3,248032,592517,Groningen
316,Froombosch,19/02/2008,15:44:51,0.9,3,246904,578247,Groningen
317,Onderdendam,19/03/2008,17:02:10,1.2,3,233435,596375,Groningen
318,Steendam,29/03/2008,16:57:22,1.4,3,252007,590481,Groningen
319,Westeremden,31/03/2008,07:06:02,1.2,3,242429,596308,Groningen
320,Meedhuizen,07/04/2008,04:32:22,1.2,3,255669,590779,Groningen
321,Tjuchem,11/04/2008,22:51:26,1.1,3,254228,589524,Groningen
322,Westerdijkshorn,15/04/2008,04:54:03,0.9,3,232968,592360,Groningen
323,Siddeburen,28/04/2008,02:47:01,1.3,3,253284,586722,Groningen
324,Onderdendam,05/05/2008,19:56:08,1,3,235128,594733,Groningen
325,Ten Post,09/05/2008,21:33:03,1.3,3,244218,589662,Groningen
326,Loppersum,10/05/2008,23:20:35,1.2,3,244333,594228,Groningen
327,Garsthuizen,18/05/2008,13:23:46,2.2,2.8,244234,599569,Groningen
328,Loppersum,19/05/2008,15:07:29,1.9,3,245137,594020,Groningen
329,Usquert,30/05/2008,14:48:08,1.3,3,237848,603128,Groningen
330,Garrelsweer,01/06/2008,11:00:58,1.3,3,247972,592182,Groningen
331,Garrelsweer,10/06/2008,20:51:05,0.9,3,248167,592408,Groningen
332,Siddeburen,22/06/2008,21:06:15,0.9,3,252106,585584,Groningen
333,Holwierde,10/07/2008,06:57:33,2.5,3,254540,596989,Groningen
334,Engelbert,23/07/2008,20:05:12,1.2,3,240229,581352,Groningen
335,Loppersum,23/08/2008,19:49:07,0.9,3,244127,594558,Groningen
336,Westerwijtwerd,14/09/2008,20:32:12,1.1,3,237264,594546,Groningen
337,Lageland,20/09/2008,08:45:58,1.3,3,243116,584298,Groningen
338,Warffum,29/09/2008,10:20:44,1.8,3,235841,599865,Groningen
339,Schildwolde,26/10/2008,02:48:50,1.1,3,249647,584979,Groningen
340,Stedum,29/10/2008,16:36:21,1.4,3,243128,594539,Groningen
341,Westeremden,30/10/2008,05:54:29,3.2,3,243780,595331,Groningen
342,Garsthuizen,07/11/2008,16:40:01,2.2,3,244687,600246,Groningen
343,Tetjehorn,10/12/2008,03:22:38,1.1,3,251102,589015,Groningen
344,Onderdendam,15/12/2008,20:41:17,1.5,3,235789,595078,Groningen
345,Oldenzijl,23/12/2008,15:16:58,1.4,3,242978,602663,Groningen
346,Delfzijl,01/01/2009,09:35:46,1.2,3,255918,594792,Groningen
347,Loppersum,01/01/2009,16:54:46,1.7,3,247181,598623,Groningen
348,Westeremden,08/01/2009,01:17:01,1.7,3,243557,596551,Groningen
349,Westeremden,09/01/2009,20:16:58,1.9,3,243305,595767,Groningen
350,Marsum,15/01/2009,12:41:13,1,3,253899,595751,Groningen
351,Sappemeer,17/01/2009,06:05:03,1.1,3,249138,576843,Groningen
352,Westeremden,01/02/2009,04:23:24,2.2,3,245064,597915,Groningen
353,Appingedam,03/02/2009,06:53:52,1.2,3,254154,593085,Groningen
354,Garsthuizen,04/02/2009,12:23:50,1.7,3,245163,599698,Groningen
355,Delfzijl,05/02/2009,11:56:12,1.1,3,257322,594599,Groningen
356,Overschild,16/02/2009,09:24:55,1.4,3,249193,591092,Groningen
357,Tripscompagnie,23/02/2009,18:03:15,1,3,251563,572661,Groningen
358,Delfzijl,13/03/2009,14:33:32,1.2,3,255871,597017,Groningen
359,Hoeksmeer,27/03/2009,02:51:28,1,3,249838,592218,Groningen
360,Huizinge,14/04/2009,21:05:25,2.6,3,241099,596172,Groningen
361,t-Zandt',14/04/2009,23:35:02,0.9,3,247731,597743,Groningen
362,Appingedam,16/04/2009,17:12:15,2.6,3,252159,592821,Groningen
363,Wirdumerpolder,20/04/2009,14:42:51,1.5,3,249731,590880,Groningen
364,Harkstede,01/05/2009,14:13:01,1.2,3,244016,582534,Groningen
365,t-Zand',04/05/2009,11:31:16,1.8,3,247868,597523,Groningen
366,t-Zand',07/05/2009,01:20:23,1.4,3,247552,600077,Groningen
367,Winneweer,07/05/2009,03:42:12,1.6,3,244356,593004,Groningen
368,Lageland,07/05/2009,13:14:42,1.2,3,244153,585987,Groningen
369,Zeerijp,08/05/2009,05:23:11,3,3,246541,597275,Groningen
370,Kropswolde,08/05/2009,15:54:22,0.9,3,243847,573625,Groningen
371,Meedhuizen,26/05/2009,00:07:59,1.3,3,257850,591715,Groningen
372,Meedhuizen,26/05/2009,11:00:36,1.3,3,257688,593048,Groningen
373,Siddeburen,01/06/2009,02:32:25,0.9,3,254550,583631,Groningen
374,Overschild,15/06/2009,15:32:50,1,3,250086,589774,Groningen
375,Winneweer,05/07/2009,10:42:46,1.8,3,246174,592036,Groningen
376,Schildwolde,05/07/2009,18:52:42,1.2,3,251688,583127,Groningen
377,Wittewierum,22/07/2009,00:00:00,1.7,3,246877,590157,Groningen
378,Middelbert,19/08/2009,01:49:38,0.7,3,238122,583430,Groningen
379,Steendam,14/09/2009,00:32:51,1.3,3,252238,588927,Groningen
380,Eekwerderdraai,29/09/2009,02:23:10,1.6,3,249292,592875,Groningen
381,Hoogezand,18/11/2009,05:17:49,1.6,3,246048,574000,Groningen
382,Winneweer,20/11/2009,09:27:32,1.2,3,245612,593584,Groningen
383,Laskwerd,02/12/2009,08:53:31,1.1,3,251409,590357,Groningen
384,Wittewierum,04/12/2009,04:12:32,2.3,3,245423,589461,Groningen
385,Doekegat,07/12/2009,00:24:59,1.3,3,257029,608286,Groningen
386,Woudbloem,21/12/2009,04:55:28,1.5,3,245548,582785,Groningen
387,Garrelsweer,23/12/2009,18:38:25,1.5,3,246503,592265,Groningen
388,Woudbloem,25/12/2009,23:37:52,0.7,3,246009,583127,Groningen
389,Winneweer,09/01/2010,12:31:12,1.7,3,240057,598603,Groningen
390,Hoeksmeer,14/01/2010,17:12:22,1.2,3,250338,590558,Groningen
391,Froombosch,17/02/2010,15:55:01,1.2,3,248890,579287,Groningen
392,Overschild,19/02/2010,23:12:51,1.8,3,249348,589982,Groningen
393,Eenum,04/03/2010,19:59:57,1.4,3,248564,595978,Groningen
394,Froombosch,31/03/2010,15:15:02,2.4,3,247892,579045,Groningen
395,Middelstum,03/04/2010,11:50:56,1.4,3,239632,596257,Groningen
396,Eekwerderdraai,25/04/2010,00:46:00,1.6,3,249149,593318,Groningen
397,Zuidbroek,25/04/2010,13:13:17,1,3,252845,575469,Groningen
398,Spijk,03/05/2010,09:26:16,2.3,3,249664,601009,Groningen
399,Oosternieland,05/05/2010,03:38:03,1.6,3,247299,602856,Groningen
400,Waddenzee,07/05/2010,08:26:35,2.5,3,236626,612346,Groningen
401,Tjuchem,08/05/2010,23:36:07,1,3,253572,588954,Groningen
402,Wagenborgen,09/05/2010,17:05:09,1.7,3,257781,585591,Groningen
403,Tjuchem,21/05/2010,02:34:09,0.9,3,253899,589295,Groningen
404,Schildwolde,26/05/2010,12:53:59,0.9,3,251534,584126,Groningen
405,Lageland,30/05/2010,18:58:36,1.5,3,241180,584263,Groningen
406,Lageland,30/05/2010,18:58:57,1.2,3,241180,584263,Groningen
407,Noordbroek,08/06/2010,02:20:28,1,3,252550,580139,Groningen
408,Hoogezand,09/06/2010,19:19:22,2,3,247775,578152,Groningen
409,Middelbert,10/06/2010,19:57:35,1.1,3,239467,582897,Groningen
410,Krewerd,16/06/2010,01:07:57,1.5,3,252590,597840,Groningen
411,Luddeweer,21/06/2010,00:40:07,1.3,3,245629,585569,Groningen
412,Groningen,21/06/2010,04:02:58,1.5,3,237346,581969,Groningen
413,Schildwolde,04/07/2010,01:58:04,0.8,3,249296,585862,Groningen
414,Woltersum,24/07/2010,00:46:43,1.8,3,244897,589006,Groningen
415,Uithuizermeeden,14/08/2010,07:43:20,2.5,3,242513,602654,Groningen
416,Slochteren,29/08/2010,18:13:30,1.6,3,251258,581226,Groningen
417,Zandeweer,31/08/2010,17:54:56,1.4,3,241237,599626,Groningen
418,Schildwolde,03/09/2010,10:54:04,1,3,250216,583209,Groningen
419,Slochteren,06/10/2010,20:22:23,0.9,3,247698,582158,Groningen
420,Kolham,22/10/2010,19:31:11,1,3,244905,577875,Groningen
421,Appingedam,31/10/2010,14:46:38,1,3,253961,592747,Groningen
422,Westeremden,15/11/2010,11:42:45,1.4,3,242625,596534,Groningen
423,Delfzijl,24/11/2010,04:10:25,0.6,3,259567,589415,Groningen
424,Warfum,02/12/2010,13:44:39,1.2,3,234296,604737,Groningen
425,Appingedam,07/12/2010,14:42:50,1.2,3,253292,592844,Groningen
426,Winneweer,08/12/2010,15:02:05,1.1,3,244820,593124,Groningen
427,Termunterzijl,30/12/2010,09:56:58,0.9,3,262767,595497,Groningen
428,Hoeksmeer,06/01/2011,06:17:36,1.3,3,247866,590733,Groningen
429,Nieuwolda,07/01/2011,21:34:37,1.7,3,260456,585426,Groningen
430,Westerwijtwerd,19/01/2011,19:39:31,2.4,3,238819,593238,Groningen
431,Hoogezand,22/01/2011,09:28:17,1.1,3,249013,576395,Groningen
432,Lellens,28/01/2011,15:07:02,1.5,3,243320,591315,Groningen
433,Kroddeburen,30/01/2011,09:28:04,1.4,3,243985,591438,Groningen
434,Luddeweer,08/02/2011,04:16:25,1.3,3,246812,586594,Groningen
435,Appingedam,11/03/2011,04:32:41,1.4,3,253473,587282,Groningen
436,Overschild,13/03/2011,20:16:10,1.5,3,247584,588055,Groningen
437,Achterdiep,14/03/2011,20:02:45,0.8,3,250262,577533,Groningen
438,Schildwolde,26/03/2011,02:31:48,1.2,3,250626,586111,Groningen
439,Loppersum,26/03/2011,20:45:54,1.5,3,244583,595123,Groningen
440,Sappemeer,28/03/2011,03:14:48,2,3,249811,576633,Groningen
441,Eemshaven,08/04/2011,01:04:59,1.3,3,251727,607619,Groningen
442,Overschild,13/04/2011,20:28:22,0.9,3,249215,589980,Groningen
443,Slochteren,15/04/2011,04:38:53,1.5,3,251879,580236,Groningen
444,Tussenklappen,24/04/2011,06:40:08,0.5,3,253048,575362,Groningen
445,Steendam,28/04/2011,02:41:04,1.4,3,252422,589710,Groningen
446,Winneweer,28/04/2011,08:48:41,1.4,3,244298,592557,Groningen
447,Meeden,02/05/2011,23:44:10,1.2,3,258736,572253,Groningen
448,Scheemda,05/05/2011,00:04:18,0.8,3,258289,577475,Groningen
449,Wirdum,07/05/2011,12:44:10,1.1,3,247262,594394,Groningen
450,Overschild,08/05/2011,13:40:23,0.9,3,249370,588869,Groningen
451,Holwierde,10/05/2011,03:38:15,1,3,253274,596963,Groningen
452,Klein Harkstede,10/05/2011,17:20:11,1.2,3,239805,582680,Groningen
453,Froombosch,12/05/2011,16:44:29,1.8,3,246545,579575,Groningen
454,Hellum,12/05/2011,16:51:05,1.1,3,251191,584564,Groningen
455,Garrelsweer,18/05/2011,00:02:26,0.8,3,247146,593502,Groningen
456,Siddeburen,18/05/2011,17:48:25,1.9,3,252306,585588,Groningen
457,Bocht van Watum,19/05/2011,00:09:04,0.9,3,255104,605017,Groningen
458,Krewerd,19/05/2011,18:16:04,1.2,3,251922,597937,Groningen
459,Kolhol,19/05/2011,19:41:52,1.4,3,247449,601968,Groningen
460,Sappemeer,23/05/2011,05:15:13,0.9,3,250709,575204,Groningen
461,Overschild,23/05/2011,07:49:31,1.2,3,247053,587934,Groningen
462,Oosternieland,26/05/2011,15:56:08,1.9,3,247293,603190,Groningen
463,Waterhuizen,27/05/2011,23:04:12,1.7,3,239219,577995,Groningen
464,Garsthuizen,02/06/2011,00:19:40,1,3,244830,599692,Groningen
465,Steendam,02/06/2011,16:43:17,0.8,3,250713,588451,Groningen
466,Haren,05/06/2011,09:40:30,1.5,3,236891,577287,Groningen
467,Rottumerplaat,05/06/2011,23:08:37,1.4,3,227812,615655,Groningen
468,Thesinge,10/06/2011,00:59:00,1,3,239046,587898,Groningen
469,Noordbroek,18/06/2011,15:42:19,1.3,3,252416,580136,Groningen
470,Wirdum,23/06/2011,09:14:46,1.7,3,247477,593619,Groningen
471,Westeremden,24/06/2011,00:49:47,1.1,3,244733,597797,Groningen
472,Wittewierum,27/06/2011,04:10:28,1,3,245420,589573,Groningen
473,Garrelsweer,27/06/2011,15:48:09,3.2,3,248316,591632,Groningen
474,Appingedam,27/06/2011,16:27:36,1.4,3,247666,590729,Groningen
475,Appingedam,27/06/2011,22:55:34,1.1,3,249311,591874,Groningen
476,Slochteren,23/07/2011,19:14:19,1.2,3,247638,585274,Groningen
477,Tjuchem,27/07/2011,00:17:14,1.2,3,254556,589753,Groningen
478,Schaapbulten,27/07/2011,17:44:22,1.2,3,259422,589968,Groningen
479,Zandeweer,27/07/2011,18:42:09,1.1,3,239818,600825,Groningen
480,Loppersum,29/07/2011,22:48:33,1.8,3,244312,595341,Groningen
481,Godlinze,01/08/2011,11:20:05,0.9,3,248907,598879,Groningen
482,Hoeksmeer,17/08/2011,21:18:04,1,3,248316,591632,Groningen
483,Woltersum,18/08/2011,21:44:40,1.3,3,244762,589115,Groningen
484,Noordwolde,20/08/2011,09:39:42,1.5,3,237563,588763,Groningen
485,Sappemeer,23/08/2011,15:08:00,1.6,3,250614,576649,Groningen
486,Garsthuizen,31/08/2011,04:51:40,1.1,3,241915,598970,Groningen
487,Uithuizen,31/08/2011,06:23:57,2.5,3,241366,607198,Groningen
488,Stedum,04/09/2011,13:00:56,0.8,3,241024,592943,Groningen
489,Oosterwijtwerd,06/09/2011,21:48:10,2.5,3,249441,595439,Groningen
490,Woltersum,07/09/2011,04:14:57,1.5,3,246792,587595,Groningen
491,Eekwerderdraai,15/09/2011,00:20:29,1.6,3,250671,593905,Groningen
492,Westeremden,25/09/2011,00:49:10,1,3,244290,596565,Groningen
493,Garsthuizen,25/09/2011,12:59:01,2,3,244258,598234,Groningen
494,Siddeburen,08/10/2011,00:47:42,1.9,3,253411,587058,Groningen
495,Ten Boer,09/10/2011,21:43:14,1.5,3,240027,589029,Groningen
496,Farmsum,24/10/2011,17:27:27,1.3,3,260149,593324,Groningen
497,Oosterwijtwerd,04/11/2011,18:02:12,1.5,3,249628,596110,Groningen
498,Harkstede,06/11/2011,05:37:42,0.7,3,241471,582932,Groningen
499,Garmerwolde,07/11/2011,19:26:31,1.2,3,241631,585162,Groningen
500,Nieuwolda,09/11/2011,15:08:52,1.6,3,259831,586526,Groningen
501,Weiwerd,15/11/2011,08:14:11,1.5,3,260341,590656,Groningen
502,Froombosch,18/11/2011,21:27:20,0.2,3,247590,580820,Groningen
503,Appingedam,27/11/2011,05:00:00,1.7,3,250627,592791,Groningen
504,Lakswerd,04/12/2011,15:34:52,1.3,3,250871,590569,Groningen
505,Tripscompagnie,20/12/2011,21:35:39,0.9,3,250665,574090,Groningen
506,Engelbert,23/12/2011,11:37:17,1.1,3,237842,580308,Groningen
507,Middelstum,30/12/2011,06:20:12,2.2,3,239554,596924,Groningen
508,Middelstum,06/01/2012,17:13:53,1.9,3,240206,597715,Groningen
509,Thesinge,07/01/2012,06:57:12,1.6,3,237796,586875,Groningen
510,Wirdum,16/01/2012,21:11:00,1.3,3,248681,593420,Groningen
511,Zevenhuizen,21/01/2012,00:07:26,1.1,3,241449,584156,Groningen
512,Winneweer,24/01/2012,11:35:38,1.3,3,246157,592926,Groningen
513,Nieuwe Pekela,27/01/2012,06:18:32,1.6,3,260869,569628,Groningen
514,Zeerijp,28/01/2012,13:42:59,0.9,3,246219,596712,Groningen
515,Lellens,30/01/2012,09:06:24,1.5,3,245533,590688,Groningen
516,Tjuchem,31/01/2012,19:37:06,1.4,3,254016,590076,Groningen
517,Sappemeer,01/02/2012,00:42:38,0.9,3,249704,575295,Groningen
518,Westeremden,04/02/2012,09:56:22,1.8,3,243871,597559,Groningen
519,Eenum,05/02/2012,16:53:38,1.4,3,248659,594533,Groningen
520,Meedhuizen,05/02/2012,16:58:44,1.5,3,256045,588783,Groningen
521,Tjuchem,07/02/2012,00:19:03,1.4,3,253733,590850,Groningen
522,Stedum,16/02/2012,00:05:59,1.9,3,241975,591958,Groningen
523,Westeremden,17/02/2012,08:08:44,1.7,3,242937,597653,Groningen
524,Siddeburen,19/02/2012,18:57:10,1.8,3,254083,586849,Groningen
525,Garmerwolde,04/03/2012,17:29:39,0.9,3,238170,584544,Groningen
526,Hellum,07/03/2012,09:51:16,1.3,3,254817,583636,Groningen
527,Garrelsweer,07/03/2012,17:22:26,1,3,250871,590569,Groningen
528,Overschild,08/03/2012,03:54:56,0.5,3,249134,587306,Groningen
529,Sappemeer,08/03/2012,11:03:37,1,3,248474,576607,Groningen
530,Meedhuizen,18/03/2012,18:28:27,0.9,3,255981,591787,Groningen
531,Woudbloem,23/03/2012,03:46:56,0.4,3,245912,581233,Groningen
532,Winneweer,27/03/2012,14:40:11,1,3,244829,592678,Groningen
533,Wagenborgen,31/03/2012,02:58:03,1.6,3,257109,585799,Groningen
534,Tjuchem,04/04/2012,21:16:33,1.7,3,254016,590076,Groningen
535,Garrelsweer,07/04/2012,02:25:47,1.5,3,249066,590756,Groningen
536,Steendam,13/04/2012,01:14:49,0.7,3,251809,587026,Groningen
537,Uithuizen(Wad),14/04/2012,20:39:28,0.9,3,241811,611993,Groningen
538,Wirdum,16/04/2012,21:01:47,1.1,3,248303,592300,Groningen
539,Loppersum,18/04/2012,12:07:05,1.2,3,244637,595792,Groningen
540,Krewerd,21/04/2012,21:39:11,0.3,3,251272,597145,Groningen
541,Sappemeer,25/04/2012,17:25:24,2,3,250658,577763,Groningen
542,Steendam,06/05/2012,04:23:33,0.8,3,250782,588341,Groningen
543,Siddeburen,10/05/2012,21:07:21,0.8,3,254511,585522,Groningen
544,Appingedam,11/05/2012,00:23:25,0.9,3,254783,594879,Groningen
545,Appingedam,13/05/2012,16:22:44,0.9,3,251526,591139,Groningen
546,Siddeburen,15/05/2012,14:10:52,0.8,3,255507,585766,Groningen
547,Siddeburen,17/05/2012,02:54:19,0.9,3,252773,585598,Groningen
548,Huizinge,24/05/2012,15:52:39,1.5,3,240406,597718,Groningen
549,Overschild,28/05/2012,07:41:37,0.6,3,250237,588887,Groningen
550,Sappemeer,02/06/2012,01:12:22,0.7,3,250578,578429,Groningen
551,Kolham,08/06/2012,05:54:32,0.9,3,246771,578244,Groningen
552,Wagenborgen,14/06/2012,03:05:08,1.7,3,257431,586363,Groningen
553,Siddeburen,15/06/2012,05:23:37,1.5,3,253512,585390,Groningen
554,Wirdum,21/06/2012,08:01:36,1.7,3,248008,593741,Groningen
555,Oosterwijtwerd,21/06/2012,23:44:22,1.1,3,250014,593446,Groningen
556,Lellens,22/06/2012,13:31:43,1.4,3,246197,590812,Groningen
557,Lellens,22/06/2012,15:10:28,0.8,3,246077,590142,Groningen
558,Zuidbroek,27/06/2012,00:31:57,0.5,3,252859,574802,Groningen
559,Zuidbroek,27/06/2012,00:39:12,0.3,3,252992,574804,Groningen
560,Overschild,03/07/2012,16:55:05,1.1,3,247122,587824,Groningen
561,Overschild,07/07/2012,00:13:05,0.8,3,249213,590091,Groningen
562,Eenum,07/07/2012,00:28:08,0.7,3,247323,594730,Groningen
563,Steendam,12/07/2012,17:02:02,1,3,252572,588933,Groningen
564,Wirdum,16/07/2012,20:21:29,0.6,3,247015,593388,Groningen
565,Sappemeer,19/07/2012,12:42:57,0.9,3,249591,577631,Groningen
566,Garrelsweer,25/07/2012,18:12:15,0.8,3,250738,590566,Groningen
567,Stedum,27/07/2012,17:12:53,1.2,3,241159,592834,Groningen
568,Westeremden,30/07/2012,11:36:46,1.3,3,244439,595677,Groningen
569,Wirdum,30/07/2012,13:14:11,1,3,248272,593857,Groningen
570,Hoogezand,30/07/2012,21:09:02,0.5,3,248321,577606,Groningen
571,Eenum,01/08/2012,03:24:11,0.7,3,249117,594987,Groningen
572,Harkstede,08/08/2012,14:11:23,0.8,3,240699,581249,Groningen
573,Haren,09/08/2012,23:23:49,1.5,3,236944,578067,Groningen
574,Garrelsweer,14/08/2012,03:01:59,1,3,248178,591852,Groningen
575,Leermens,15/08/2012,19:17:36,2.4,3,249406,597219,Groningen
576,Zeerijp,16/08/2012,07:54:51,1.2,3,245858,598153,Groningen
577,Huizinge,16/08/2012,20:30:33,3.6,3,240567,596163,Groningen
578,Middelstum,17/08/2012,00:26:41,0.6,3,239272,597810,Groningen
579,Siddeburen,17/08/2012,06:34:52,0.8,3,255866,584549,Groningen
580,Appingedam,23/08/2012,21:06:49,0.7,3,251389,591359,Groningen
581,Appingedam,28/08/2012,23:27:17,0.9,3,251504,592252,Groningen
582,Middelstum,23/09/2012,04:54:19,0.9,3,238767,596242,Groningen
583,Schildwolde,28/09/2012,10:32:23,1.2,3,251369,582341,Groningen
584,Woudbloem,30/09/2012,01:09:22,0.6,3,246183,581016,Groningen
585,Steendam,13/10/2012,22:36:46,0.9,3,252569,589045,Groningen
586,Wirdum,23/10/2012,17:05:29,1.3,3,247632,592509,Groningen
587,Garmerwolde,27/10/2012,10:55:23,1,3,236838,584298,Groningen
588,Garrelsweer,30/10/2012,21:05:10,0.7,3,246729,590933,Groningen
589,Oldenzijl,13/11/2012,16:47:51,1,3,241971,603201,Groningen
590,Steendam,14/11/2012,13:45:00,0.9,3,251771,588917,Groningen
591,Overschild,17/11/2012,07:57:39,1.1,3,248544,590189,Groningen
592,Tjuchem,18/11/2012,01:18:06,0.7,3,255253,588321,Groningen
593,Appingedam,22/11/2012,22:20:11,1.1,3,253821,593078,Groningen
594,Froombosch,27/11/2012,20:01:11,1.4,3,248385,581169,Groningen
595,Schildwolde,27/11/2012,20:02:59,0.5,3,249676,583532,Groningen
596,Steendam,30/11/2012,16:17:50,1,3,251476,587019,Groningen
597,Steendam,30/11/2012,16:17:53,1.1,3,251291,586236,Groningen
598,Steendam,30/11/2012,20:02:03,0.9,3,252263,587703,Groningen
599,Loppersum,17/12/2012,09:13:57,1.2,3,244475,593785,Groningen
600,Zuidbroek,20/12/2012,20:25:20,0.6,3,253152,576811,Groningen
601,t Zandt',25/12/2012,20:36:29,1.2,3,247889,599861,Groningen
602,Garrelsweer,05/01/2013,04:08:41,0.9,3,250709,592013,Groningen
603,Delfzijl,11/01/2013,12:51:47,1.4,3,259743,596655,Groningen
604,Usquert,11/01/2013,22:36:50,1.8,3,235788,602981,Groningen
605,Steendam,11/01/2013,22:38:57,0.8,3,252734,587490,Groningen
606,Zuidbroek,12/01/2013,01:28:24,0.5,3,254291,576723,Groningen
607,Krewerd,12/01/2013,16:24:40,0.9,3,253219,596405,Groningen
608,Steendam,12/01/2013,22:37:32,0.9,3,252583,588377,Groningen
609,Zandeweer,18/01/2013,16:44:00,1.2,3,239880,601049,Groningen
610,Overschild,19/01/2013,20:10:06,2.4,3,248555,589633,Groningen
611,Froombosch,27/01/2013,08:49:38,1.2,3,247633,578594,Groningen
612,Meedhuizen,28/01/2013,17:43:53,1.5,3,256714,588685,Groningen
613,Lageland,03/02/2013,14:13:24,1.4,3,242865,583403,Groningen
614,Froombosch,04/02/2013,04:20:40,0.9,3,248735,580397,Groningen
615,Garmerwolde,05/02/2013,14:53:08,1.5,3,238874,582441,Groningen
616,Zandeweer,07/02/2013,22:31:58,2.7,3,240174,599495,Groningen
617,Zandeweer,07/02/2013,23:19:08,3.2,3,240146,601053,Groningen
618,t Zandt',09/02/2013,05:26:10,2.7,3,246249,598605,Groningen
619,Tjuchem,10/02/2013,08:15:08,1.5,3,252880,590164,Groningen
620,Tjuchem,10/02/2013,08:16:41,1.1,3,254407,590530,Groningen
621,Garrelsweer,11/02/2013,06:08:52,2,3,248062,590959,Groningen
622,Garrelsweer,11/02/2013,08:07:08,1.8,3,247073,590383,Groningen
623,Woudbloem,11/02/2013,12:01:45,1.8,3,246563,582136,Groningen
624,Losdorp,13/02/2013,05:16:46,1.8,3,252035,598942,Groningen
625,Wirdum,15/02/2013,14:28:42,2,3,248814,593423,Groningen
626,Borgsweer,16/02/2013,04:06:31,0.8,3,261985,594700,Groningen
627,Steendam,16/02/2013,07:42:50,0.8,3,251496,586017,Groningen
628,Nieuwolda,18/02/2013,00:06:46,1.9,3,260805,587772,Groningen
629,Leermens,18/02/2013,05:54:00,0.7,3,247883,596744,Groningen
630,t Zandt',21/02/2013,21:14:08,0.7,3,245920,598376,Groningen
631,Garrelsweer,25/02/2013,01:36:40,1,3,247982,591625,Groningen
632,Froombosch,27/02/2013,23:49:13,0.4,3,247256,580814,Groningen
633,Westerwijtwerd,02/03/2013,05:31:14,0.9,3,238988,595022,Groningen
634,Steendam,13/03/2013,01:57:10,0.8,3,251222,589685,Groningen
635,Farmsum,14/03/2013,03:09:18,1,3,258619,593179,Groningen
636,Eemshaven,16/03/2013,13:06:53,2,3,248277,610667,Groningen
637,Lageland,29/03/2013,14:28:06,0.9,3,243793,583754,Groningen
638,Hellum,02/04/2013,13:49:15,1.1,3,254165,582843,Groningen
639,Garsthuizen,15/04/2013,22:56:03,0.9,3,245032,599584,Groningen
640,Sappemeer,23/04/2013,12:31:42,0.6,3,249501,575403,Groningen
641,Sappemeer,23/04/2013,18:51:36,0.5,3,248994,577396,Groningen
642,Zeerijp,27/04/2013,21:12:24,1,3,246435,595826,Groningen
643,Loppersum,28/04/2013,18:18:03,1.3,3,244664,594345,Groningen
644,Zevenhuizen,29/04/2013,20:32:18,0.8,3,239996,583240,Groningen
645,Woltersum,30/04/2013,15:28:00,0.7,3,244910,588339,Groningen
646,Garmerwolde,01/05/2013,04:07:29,0.9,3,238429,584994,Groningen
647,Eenum,02/05/2013,21:11:08,0.7,3,248646,595201,Groningen
648,Steendam,10/05/2013,04:25:24,1.4,3,252815,586823,Groningen
649,Wagenborgen,13/05/2013,03:46:56,1.1,3,257447,585584,Groningen
650,Appingedam,19/05/2013,12:15:16,0.8,3,253055,591392,Groningen
651,Hoogezand,22/05/2013,08:35:18,1.2,3,247920,577598,Groningen
652,Overschild,22/05/2013,11:38:07,1.2,3,250017,589884,Groningen
653,Stedum,24/05/2013,11:10:02,1.2,3,242795,594533,Groningen
654,Harkstede,25/05/2013,14:07:51,1.1,3,242199,583279,Groningen
655,Stedum,25/05/2013,16:18:29,1,3,243326,594654,Groningen
656,Usquert,25/05/2013,16:44:39,0.9,3,236313,603436,Groningen
657,Steendam,30/05/2013,23:51:13,1.2,3,251762,589362,Groningen
658,Steendam,31/05/2013,01:40:24,1,3,251771,588917,Groningen
659,Appingedam,03/06/2013,18:07:36,1.2,3,253614,593408,Groningen
660,Garrelsweer,05/06/2013,17:51:28,0.7,3,247873,590399,Groningen
661,Garmerwolde,05/06/2013,22:10:56,0.9,3,238433,584771,Groningen
662,Borgsweer,07/06/2013,06:33:49,1.3,3,261563,589681,Groningen
663,Harkstede,08/06/2013,23:21:35,0.7,3,242841,581065,Groningen
664,Oosterwijtwerd,14/06/2013,22:20:12,0.7,3,251346,593473,Groningen
665,Hellum,14/06/2013,22:36:04,0.6,3,254149,583622,Groningen
666,Lageland,18/06/2013,21:39:20,0.7,3,244000,583424,Groningen
667,Appingedam,23/06/2013,09:21:18,1.1,3,253655,591405,Groningen
668,Westerwijtwerd,27/06/2013,20:45:03,1.3,3,238662,594571,Groningen
669,Schildwolde,30/06/2013,01:27:48,0.8,3,250550,583216,Groningen
670,Winneweer,30/06/2013,21:55:11,0.8,3,246353,593153,Groningen
671,Loppersum,30/06/2013,22:52:10,0.7,3,246001,594148,Groningen
672,Garrelsweer,02/07/2013,23:03:55,3,3,248202,590628,Groningen
673,Toornwerd,03/07/2013,05:10:41,0.9,3,238216,597234,Groningen
674,Appingedam,13/07/2013,13:23:12,0.9,3,253782,594970,Groningen
675,Eenum,14/07/2013,21:01:59,1.1,3,248118,594968,Groningen
676,Oosterwijtwerd,20/07/2013,03:33:13,2.4,3,249338,593878,Groningen
677,Wirdum,20/07/2013,05:05:18,1.9,3,247473,593842,Groningen
678,Steendam,21/07/2013,02:44:47,1.3,3,251258,587905,Groningen
679,Overschild,21/07/2013,08:29:57,0.7,3,247750,589840,Groningen
680,Garmerwolde,26/07/2013,15:36:18,0.9,3,238500,584772,Groningen
681,Slochteren,30/07/2013,18:23:40,0.7,3,251245,581894,Groningen
682,Harkstede,31/07/2013,11:01:09,1,3,243885,582420,Groningen
683,Hoogezand,07/08/2013,01:13:46,0.6,3,248250,577827,Groningen
684,Overschild,07/08/2013,22:52:44,0.9,3,249470,587202,Groningen
685,Schildwolde,08/08/2013,15:08:56,1,3,249151,586416,Groningen
686,Garmerwolde,14/08/2013,13:17:42,1.1,3,239520,583677,Groningen
687,Lageland,16/08/2013,11:35:02,2.1,3,242436,584953,Groningen
688,Overschild,21/08/2013,15:50:11,0.9,3,248770,588858,Groningen
689,Wirdum,25/08/2013,02:06:04,1.3,3,247494,592729,Groningen
690,Appingedam,27/08/2013,05:05:48,1.1,3,253520,591513,Groningen
691,Westeremden,01/09/2013,13:04:37,1.5,3,243434,595992,Groningen
692,Zeerijp,04/09/2013,01:33:32,2.8,3,247228,596175,Groningen
693,Steendam,18/09/2013,03:42:25,0.9,3,251207,590464,Groningen
694,Zevenhuizen,22/09/2013,02:25:53,1.7,3,240298,585026,Groningen
695,Zevenhuizen,22/09/2013,02:44:18,1,3,241291,585489,Groningen
696,Zevenhuizen,22/09/2013,14:50:19,1.6,3,240649,584031,Groningen
697,Overschild,25/09/2013,07:16:11,1.1,3,248346,590074,Groningen
698,Tjuchem,25/09/2013,19:55:34,1.2,3,253363,589395,Groningen
699,Eppenhuizen,28/09/2013,02:20:41,1.9,3,244150,600458,Groningen
700,Garmerwolde,29/09/2013,18:11:30,1.3,3,239157,585340,Groningen
701,Harkstede,30/09/2013,14:56:35,1.2,3,243683,582527,Groningen
702,Harkstede,01/10/2013,00:59:51,1.1,3,243820,582307,Groningen
703,Lageland,01/10/2013,21:49:51,1.2,3,243528,583638,Groningen
704,Wirdum,02/10/2013,08:57:44,1.4,3,248296,592633,Groningen
705,Wirdum,02/10/2013,20:24:26,1.9,3,248619,593196,Groningen
706,Borgsweer,02/10/2013,22:32:21,0.9,3,263385,591726,Groningen
707,Wirdum,03/10/2013,00:42:21,1.2,3,247625,592843,Groningen
708,Garsthuizen,10/10/2013,18:31:05,1.5,3,243246,598994,Groningen
709,Woltersum,23/10/2013,00:59:46,1.1,3,244801,587001,Groningen
710,Siddeburen,23/10/2013,23:57:37,1.1,3,253487,586614,Groningen
711,Tjuchem,07/11/2013,01:23:00,1.5,3,254432,589306,Groningen
712,Garrelsweer,10/11/2013,01:47:40,1.2,3,247327,591056,Groningen
713,Stedum,15/11/2013,17:46:36,1.6,3,243486,593210,Groningen
714,Loppersum,18/11/2013,13:31:02,1.4,3,245609,593695,Groningen
715,Appingedam,26/11/2013,23:54:53,2,3,252128,594379,Groningen
716,Lageland,06/12/2013,08:12:24,1.3,3,244342,582985,Groningen
717,Meedhuizen,08/12/2013,03:32:48,1.1,3,257364,589479,Groningen
718,Slochteren,20/12/2013,05:12:37,1.3,3,250915,581664,Groningen
719,Schildwolde,22/12/2013,21:51:44,1,3,250210,583543,Groningen
720,Huizinge,23/12/2013,00:48:12,1.2,3,241892,596521,Groningen
721,Woudbloem,02/01/2014,04:00:06,1.4,3,246388,580797,Groningen
722,Garmerwolde,04/01/2014,23:38:42,1.1,3,239126,583336,Groningen
723,Bedum,09/01/2014,00:49:35,1.1,3,234362,592717,Groningen
724,Garrelsweer,12/01/2014,23:33:00,0.9,3,247200,590720,Groningen
725,Nieuwolda,16/01/2014,19:48:32,1.2,3,260778,588996,Groningen
726,Zuidwolde,21/01/2014,01:12:05,1,3,233776,587809,Groningen
727,Garsthuizen,23/01/2014,03:50:26,0.6,3,244828,599803,Groningen
728,Noordbroek,23/01/2014,16:18:10,1.1,3,255262,578302,Groningen
729,Zevenhuizen,26/01/2014,14:21:17,1.5,3,241184,584040,Groningen
730,Loppersum,03/02/2014,06:30:48,1.5,3,246250,595043,Groningen
731,Luddeweer,05/02/2014,18:11:34,0.9,3,248430,585734,Groningen
732,Froombosch,06/02/2014,21:39:09,1.3,3,248437,578499,Groningen
733,Meedhuizen,11/02/2014,01:18:13,0.8,3,259403,590858,Groningen
734,Leermens,13/02/2014,02:13:14,3,3,247866,597634,Groningen
735,Winneweer,17/02/2014,04:54:12,0.8,3,245314,591686,Groningen
736,Westerwijtwerd,18/02/2014,05:03:32,1.7,3,239916,595261,Groningen
737,Woltersum,28/02/2014,04:38:52,1.2,3,245900,588914,Groningen
738,Zeerijp,10/03/2014,03:39:10,0.9,3,246947,596949,Groningen
739,Froombosch,11/03/2014,09:05:33,1.1,3,250750,579880,Groningen
740,Schildwolde,11/03/2014,09:08:23,2.3,3,250815,583332,Groningen
741,Waterhuizen,14/03/2014,03:59:28,0.8,3,239497,581228,Groningen
742,Appingedam,14/03/2014,22:25:15,1,3,251033,592465,Groningen
743,Appingedam,15/03/2014,19:09:24,1.9,3,254041,592081,Groningen
744,Rottum,18/03/2014,21:15:18,2.1,3,236885,601108,Groningen
745,Slochteren,21/03/2014,16:22:29,1.1,3,251258,581226,Groningen
746,Sappemeer,23/03/2014,10:28:48,1.6,3,249348,576401,Groningen
747,Siddeburen,27/03/2014,08:25:18,1.4,3,253482,586837,Groningen
748,Eemshaven,28/03/2014,21:28:13,1.3,3,246007,611292,Groningen
749,Borgsweer,30/03/2014,20:58:47,1.4,3,262099,589582,Groningen
750,Zevenhuizen,31/03/2014,19:01:17,0.7,3,240779,584256,Groningen
751,Sappemeer,02/04/2014,05:47:36,1.1,3,250027,575858,Groningen
752,Sappemeer,02/04/2014,05:48:51,1.2,3,249622,576073,Groningen
753,Sappemeer,03/04/2014,01:27:41,1,3,250589,577873,Groningen
754,Zevenhuizen,04/04/2014,07:39:00,1.2,3,240422,585585,Groningen
755,Meedhuizen,09/04/2014,04:43:43,1.1,3,256139,587449,Groningen
756,Loppersum,17/04/2014,20:18:35,1.3,3,244000,594222,Groningen
757,Zeerijp,20/04/2014,08:36:03,1.4,3,245282,596917,Groningen
758,Schildwolde,26/04/2014,08:50:55,1.3,3,250194,584322,Groningen
759,Westerbroek,27/04/2014,21:49:25,0.5,3,242892,578283,Groningen
760,Woudbloem,12/05/2014,22:18:23,1.3,3,244839,581436,Groningen
761,Westerwijtwerd,13/05/2014,18:16:05,1.4,3,238459,594790,Groningen
762,Kolham,17/05/2014,02:35:04,1.6,3,245749,579226,Groningen
763,Meedhuizen,19/05/2014,17:25:50,1,3,258577,588948,Groningen
764,Woudbloem,12/06/2014,07:13:32,1.2,3,246920,580918,Groningen
765,Kolham,12/06/2014,22:10:29,0.8,3,246219,579124,Groningen
766,Westeremden,16/06/2014,15:16:40,1.8,3,243089,596654,Groningen
767,Slochteren,29/06/2014,13:40:23,0.7,3,250848,581663,Groningen
768,Meedhuizen,02/07/2014,07:06:51,1.3,3,257047,588693,Groningen
769,Slochteren,02/07/2014,17:34:16,2.1,3,248709,581732,Groningen
770,Haren,06/07/2014,03:07:06,0.9,3,237275,578295,Groningen
771,Zevenhuizen,07/07/2014,19:56:54,1.2,3,241843,584497,Groningen
772,Woltersum,07/07/2014,23:13:44,1,3,246054,587804,Groningen
773,Lageland,08/07/2014,11:37:16,1.2,3,243103,584966,Groningen
774,Slochteren,15/07/2014,16:24:51,0.7,3,251178,581892,Groningen
775,Siddeburen,22/07/2014,17:45:07,0.9,3,253438,585723,Groningen
776,Oosterwijtwerd,09/08/2014,15:54:59,1.3,3,251471,593921,Groningen
777,Oosterwijtwerd,09/08/2014,15:55:32,2,3,251466,594143,Groningen
778,Garsthuizen,19/08/2014,19:25:24,1.2,3,244032,599677,Groningen
779,Garsthuizen,21/08/2014,11:03:55,1.2,3,244171,599345,Groningen
780,Slochteren,25/08/2014,10:27:14,0.8,3,248140,583502,Groningen
781,Garmerwolde,01/09/2014,01:40:14,0.5,3,237645,583978,Groningen
782,Froombosch,01/09/2014,07:17:42,2.6,3,248552,579503,Groningen
783,Froombosch,01/09/2014,07:53:58,1.6,3,250282,579871,Groningen
784,Lageland,23/09/2014,16:32:54,1.4,3,243979,584537,Groningen
785,Lageland,23/09/2014,17:34:48,1,3,244509,584769,Groningen
786,Huizinge,24/09/2014,23:49:36,1,3,241953,596856,Groningen
787,Meedhuizen,25/09/2014,20:49:09,1.5,3,258379,588832,Groningen
788,Garmerwolde,30/09/2014,11:42:03,2.8,3,239605,586461,Groningen
789,Zeerijp,21/10/2014,06:49:15,1.5,3,245534,597701,Groningen
790,Zandeweer,05/11/2014,01:12:34,2.9,3,240908,599397,Groningen
791,Hellum,16/11/2014,00:41:51,0.9,3,253553,583387,Groningen
792,Woudbloem,16/11/2014,19:54:16,0.6,3,246809,583254,Groningen
793,Huizinge,22/11/2014,04:09:03,1.3,3,242278,597307,Groningen
794,Oosterwijtwerd,29/11/2014,20:23:31,1,3,251786,594818,Groningen
795,Huizinge,30/11/2014,01:03:48,1.4,3,240537,597832,Groningen
796,Noordbroek,03/12/2014,04:12:36,0.9,3,251568,579117,Groningen
797,Zevenhuizen,05/12/2014,02:46:11,1.1,3,240781,584144,Groningen
798,Zeerijp,28/12/2014,15:13:06,1.3,3,245950,596818,Groningen
799,Woudbloem,30/12/2014,02:37:36,2.8,3,244580,580986,Groningen
800,Luddeweer,30/12/2014,06:46:42,0.8,3,246184,584467,Groningen
801,Wirdum,06/01/2015,06:55:28,2.7,3,247004,593944,Groningen
802,Farmsum,06/01/2015,18:26:44,1,3,258269,593951,Groningen
803,Sappemeer,11/01/2015,23:05:24,1.5,3,249270,576956,Groningen
804,Steendam,14/01/2015,11:54:56,1.1,3,252486,586594,Groningen
805,Lageland,18/01/2015,10:54:10,1.5,3,243994,583758,Groningen
806,Schildwolde,22/01/2015,03:44:16,0.6,3,250777,585224,Groningen
807,Sappemeer,23/01/2015,11:45:37,1.2,3,249261,577402,Groningen
808,Wirdum,26/01/2015,18:07:23,1.1,3,249147,593429,Groningen
809,Sappemeer,27/01/2015,15:11:42,0.5,3,248987,577730,Groningen
810,Sappemeer,31/01/2015,05:29:29,0.8,3,248933,577061,Groningen
811,Waddenzee,31/01/2015,16:21:48,1.6,3,258484,599411,Groningen
812,Woltersum,02/02/2015,23:15:33,0.9,3,245456,587681,Groningen
813,Oosterwijtwerd,04/02/2015,22:34:47,1.1,3,251259,594473,Groningen
814,Westeremden,10/02/2015,07:42:52,0.9,3,244287,596676,Groningen
815,Godlinze,11/02/2015,02:02:00,0.4,3,249560,599560,Groningen
816,Kropswolde,12/02/2015,16:05:53,1.9,3,246320,573783,Groningen
817,Steendam,13/02/2015,04:09:00,0.8,3,251231,589240,Groningen
818,Steendam,22/02/2015,06:08:50,0.8,3,252937,587382,Groningen
819,Sappemeer,22/02/2015,06:21:33,0.6,3,249778,578302,Groningen
820,Meedhuizen,22/02/2015,19:00:52,1.4,3,258543,590506,Groningen
821,Schildwolde,24/02/2015,17:34:09,0.8,3,250662,584331,Groningen
822,Appingedam,25/02/2015,10:02:56,2.3,3,252936,593950,Groningen
823,Overschild,01/03/2015,10:16:30,1.2,3,249917,588212,Groningen
824,Onnen,14/03/2015,19:26:59,0.7,3,240588,576238,Groningen
825,Overschild,16/03/2015,23:57:29,0.6,3,248568,588965,Groningen
826,Lageland,24/03/2015,03:23:35,1.1,3,243858,583866,Groningen
827,Appingedam,24/03/2015,13:27:56,2.3,3,252805,593836,Groningen
828,Roodeschool,25/03/2015,06:46:02,1.2,3,245110,606042,Groningen
829,Termunterzijl,06/04/2015,13:10:26,1.3,3,260877,590557,Groningen
830,Engelbert,06/04/2015,17:31:10,0.7,3,240155,581796,Groningen
831,Appingedam,15/04/2015,00:23:10,0.9,3,254841,592097,Groningen
832,Siddeburen,15/04/2015,03:33:03,0.8,3,254147,583734,Groningen
833,Slochteren,22/04/2015,00:33:55,0.8,3,249562,582528,Groningen
834,Meedhuizen,03/05/2015,16:50:08,1.1,3,257378,588811,Groningen
835,Froombosch,07/05/2015,13:17:22,1.1,3,248888,579398,Groningen
836,Zeerijp,07/05/2015,19:11:17,1,3,245291,596472,Groningen
837,Onnen,08/05/2015,19:01:21,1.1,3,239248,576326,Groningen
838,Wagenborgen,13/05/2015,01:09:51,1.2,3,255944,587222,Groningen
839,Appingedam,16/05/2015,14:14:49,1.6,3,252308,592045,Groningen
840,Schildwolde,21/05/2015,21:08:47,1.8,3,249979,585097,Groningen
841,Uithuizen Kern,27/05/2015,10:52:10,2,3,240183,602724,Groningen
842,Appingedam,02/06/2015,23:37:38,0.7,3,251426,592807,Groningen
843,Zuidbroek,04/06/2015,20:11:25,1,3,253221,576701,Groningen
844,Loppersum,06/06/2015,23:39:15,1.9,3,245771,595702,Groningen
845,Garrelsweer,07/06/2015,13:54:36,0.5,3,246282,593374,Groningen
846,Zeerijp,10/06/2015,02:26:07,1.8,3,245963,596151,Groningen
847,Westeremden,10/06/2015,09:18:07,0.4,3,243301,595990,Groningen
848,Westeremden,10/06/2015,14:21:27,0.8,3,243297,596212,Groningen
849,Zandeweer,10/06/2015,14:36:18,0.8,3,240846,599173,Groningen
850,Harkstede,26/06/2015,22:06:42,0,3,244075,582980,Groningen
851,Harkstede,29/06/2015,11:31:54,0.6,3,244874,583106,Groningen
852,Ten Boer,30/06/2015,00:53:00,0.5,3,241571,588500,Groningen
853,Harkstede,02/07/2015,15:53:59,0.5,3,244043,581087,Groningen
854,Hoogezand/Sappemeer,04/07/2015,04:18:02,0.5,3,249648,574738,Groningen
855,Zuidwolde (Gr.),04/07/2015,11:05:47,0.6,3,237064,586751,Groningen
856,Westeremden,04/07/2015,18:07:58,1.1,3,242019,596857,Groningen
857,Zuidbroek,06/07/2015,04:25:08,0.5,3,251516,578337,Groningen
858,Thesinge,07/07/2015,03:09:00,2.1,3,237996,586878,Groningen
859,Appingedam,08/07/2015,02:47:32,0.4,3,251522,591361,Groningen
860,Zuidbroek,10/07/2015,15:49:22,0.5,3,253879,577272,Groningen
861,Garrelsweer,16/07/2015,02:27:14,0.8,3,250333,590781,Groningen
862,Westeremden,16/07/2015,08:58:19,0.4,3,243438,595770,Groningen
863,Siddeburen,18/07/2015,07:37:14,0.7,3,253595,587841,Groningen
864,Froombosch,18/07/2015,23:47:29,0.5,3,246816,579358,Groningen
865,Appingedam,19/07/2015,20:06:44,0.6,3,252537,593942,Groningen
866,Thesinge,20/07/2015,22:06:08,0.4,3,239893,589027,Groningen
867,Oosterwijtwerd,21/07/2015,02:18:04,1.3,3,249319,594880,Groningen
868,Garmerwolde,21/07/2015,09:54:11,0.6,3,239703,584682,Groningen
869,Froombosch,30/07/2015,15:34:52,0.7,3,247571,578371,Groningen
870,Thesinge,02/08/2015,01:32:43,0.6,3,238367,588555,Groningen
871,Zeerijp,07/08/2015,12:27:43,0.8,3,246373,595602,Groningen
872,Harkstede,11/08/2015,10:08:33,0.9,3,244653,580653,Groningen
873,Oosterwijtwerd,12/08/2015,23:01:31,0.3,3,249925,594558,Groningen
874,Oosterwijtwerd,13/08/2015,05:47:47,0.6,3,250316,595011,Groningen
875,Zeerijp,17/08/2015,00:10:12,0.6,3,246483,596829,Groningen
876,Kolham,18/08/2015,07:06:12,2,3,246365,578459,Groningen
877,Harkstede,22/08/2015,00:12:30,1.4,3,245667,583566,Groningen
878,Usquert,22/08/2015,10:11:10,1.6,3,235811,601646,Groningen
879,Froombosch,23/08/2015,07:08:32,0.3,3,249928,577526,Groningen
880,Wirdum (Gr.),24/08/2015,20:33:30,0.5,3,248270,593969,Groningen
881,Hellum,26/08/2015,18:16:34,0.4,3,251906,582241,Groningen
882,Harkstede,27/08/2015,04:48:24,0.2,3,245400,583561,Groningen
883,Meedhuizen,28/08/2015,02:52:33,0.8,3,258669,590842,Groningen
884,Slochteren,28/08/2015,08:07:27,1.3,3,251120,581446,Groningen
885,Warffum,28/08/2015,17:22:38,1.3,3,234619,601292,Groningen
886,Kolham,05/09/2015,03:34:30,0.5,3,244594,576645,Groningen
887,Harkstede,09/09/2015,20:01:51,1.2,3,242754,582176,Groningen
888,Garsthuizen,10/09/2015,16:08:08,0.8,3,243242,599217,Groningen
889,Hellum,30/09/2015,18:05:37,3.1,3,251603,584016,Groningen
890,Appingedam,09/10/2015,00:27:19,0.3,3,251531,590916,Groningen
891,Wagenborgen,10/10/2015,02:44:06,0.2,3,257669,587704,Groningen
892,Schildwolde,10/10/2015,05:51:48,0.2,3,249281,586641,Groningen
893,Zuidbroek,11/10/2015,04:41:42,0.3,3,253016,576920,Groningen
894,Zuidwolde (Gr.),22/10/2015,21:53:40,0.5,3,234726,586823,Groningen
895,Noordbroek,24/10/2015,02:35:33,0.7,3,254778,582299,Groningen
896,Loppersum,27/10/2015,15:46:28,1.2,3,245818,593254,Groningen
897,Wagenborgen,29/10/2015,06:05:10,0.8,3,259772,589197,Groningen
898,Meedhuizen,29/10/2015,08:08:46,1.1,3,260294,589765,Groningen
899,Garrelsweer,30/10/2015,16:07:18,1.7,3,247802,590620,Groningen
900,Meedhuizen,30/10/2015,18:49:01,2.3,3,257224,589810,Groningen
901,Meedhuizen,30/10/2015,22:26:39,0.9,3,257545,590373,Groningen
902,Wagenborgen,09/11/2015,13:17:37,0.7,3,259445,585850,Groningen
903,Slochteren,10/11/2015,16:32:23,0.6,3,248069,583723,Groningen
904,Harkstede,12/11/2015,12:30:09,0.6,3,243045,580846,Groningen
905,Zeerijp,15/11/2015,23:01:42,0.9,3,245270,597585,Groningen
906,Hellum,02/12/2015,06:40:02,1.6,3,251932,584245,Groningen
907,Garmerwolde,03/12/2015,04:40:48,0.5,3,238686,585555,Groningen
908,Huizinge,08/12/2015,03:54:22,0.8,3,240451,595159,Groningen
909,Kantens,13/12/2015,15:18:13,0.4,3,239252,598922,Groningen
910,Delfzijl,15/12/2015,00:01:50,1.6,3,254903,595550,Groningen
911,Noordwolde (Gr.),15/12/2015,07:43:55,1.7,3,236963,588753,Groningen
912,Ten Post,25/12/2015,04:19:36,1.3,3,244824,592901,Groningen
913,Sint-Annen,02/01/2016,00:04:28,0.5,3,241189,591165,Groningen
914,Zuidbroek,07/01/2016,05:25:55,1.6,3,250819,576430,Groningen
915,Froombosch,11/01/2016,05:31:35,0.6,3,250309,578535,Groningen
916,Siddeburen,13/01/2016,06:41:42,1.3,3,252973,585602,Groningen
917,Siddeburen,17/01/2016,11:57:33,1.5,3,251950,586694,Groningen
918,'t Zandt,19/01/2016,13:19:07,0.6,3,247056,598175,Groningen
919,Woltersum,20/01/2016,03:57:08,0.6,3,243575,584752,Groningen
920,Harkstede,26/01/2016,22:22:33,1.5,3,244058,580308,Groningen
921,Garmerwolde,05/02/2016,21:11:38,0.4,3,240398,583136,Groningen
922,Nieuwolda,17/02/2016,00:20:52,0.9,3,259524,585295,Groningen
923,Ten Post,18/02/2016,08:14:44,0.4,3,245033,592460,Groningen
924,Ten Post,18/02/2016,08:19:44,0.7,3,245035,592348,Groningen
925,Loppersum,19/02/2016,03:04:21,0.1,3,245553,593137,Groningen
926,Zuidwolde (Gr.),19/02/2016,21:48:37,1.3,3,237065,586640,Groningen
927,Kantens,20/02/2016,03:44:58,0.7,3,237551,597223,Groningen
928,Zeerijp,21/02/2016,05:09:14,0.2,3,245001,597691,Groningen
929,Froombosch,25/02/2016,22:26:30,2.4,3,248304,578496,Groningen
930,Froombosch,29/02/2016,01:19:57,0.3,3,247976,578156,Groningen
931,Stedum,01/03/2016,07:29:47,0.3,3,243398,594322,Groningen
932,Froombosch,03/03/2016,19:54:29,0.2,3,247556,579150,Groningen
933,Zandeweer,04/03/2016,13:00:29,0.9,3,241378,599183,Groningen
934,Siddeburen,07/03/2016,10:16:53,1.2,3,250993,587788,Groningen
935,Slochteren,09/03/2016,22:51:07,0.4,3,251986,581574,Groningen
936,Noordbroek,11/03/2016,11:33:23,0.9,3,251550,580007,Groningen
937,Schildwolde,16/03/2016,14:58:02,0.5,3,248734,587299,Groningen
938,Siddeburen,20/03/2016,22:02:13,0.5,3,252759,586266,Groningen
939,Meedhuizen,24/03/2016,08:00:35,0.6,3,254478,590308,Groningen
940,Zuidbroek,25/03/2016,01:26:59,1.8,3,256187,575650,Groningen
941,Garmerwolde,25/03/2016,09:46:39,0.7,3,238965,584892,Groningen
942,Thesinge,31/03/2016,13:33:42,0.7,3,237517,587538,Groningen
943,Garmerwolde,02/04/2016,00:47:53,1.1,3,239756,585462,Groningen
944,Sint-Annen,04/04/2016,18:12:49,0.5,3,239560,592805,Groningen
945,Engelbert,09/04/2016,08:31:24,0.5,3,240389,579908,Groningen
946,Garrelsweer,09/04/2016,17:45:57,0.3,3,247533,590726,Groningen
947,Wagenborgen,13/04/2016,11:00:45,0.7,3,259789,588418,Groningen
948,Appingedam,25/04/2016,06:58:58,0.4,3,252611,590270,Groningen
949,Schildwolde,25/04/2016,15:36:47,1.1,3,251009,583670,Groningen
950,Uithuizen Oost,02/05/2016,07:32:50,0.4,3,242775,602882,Groningen
951,Westeremden,09/05/2016,17:27:39,0.7,3,242038,595855,Groningen
952,Sauwerd,11/05/2016,07:11:33,0.4,3,233465,590476,Groningen
953,Nieuwolda-Oost,15/05/2016,11:57:15,1,3,261867,588018,Groningen
954,Meedhuizen,17/05/2016,20:38:41,1.1,3,256943,590471,Groningen
955,Meedhuizen,17/05/2016,22:24:37,0.4,3,256223,589788,Groningen
956,Garmerwolde,30/05/2016,02:08:20,1.2,3,238311,584101,Groningen
957,Appingedam,30/05/2016,14:27:54,1.1,3,251553,589803,Groningen
958,Zeerijp,01/06/2016,08:02:54,1.2,3,245727,598039,Groningen
959,Wagenborgen,03/06/2016,18:43:13,1.5,3,257576,585809,Groningen
960,Harkstede,16/06/2016,00:56:16,0.3,3,241667,583159,Groningen
961,Hellum,16/06/2016,03:27:08,0.5,3,251607,583793,Groningen
962,Siddeburen,17/06/2016,20:17:43,0.2,3,253505,585724,Groningen
963,Froombosch,18/06/2016,23:58:25,1.2,3,247169,578363,Groningen
964,Leerrmens,18/06/2016,11:10:46,0.1,3,249024,596321,Groningen
965,Oosterwijtwerd,22/06/2016,13:10:10,0.7,3,249825,596226,Groningen
966,Nieuwolda-Oost,29/06/2016,00:47:12,0.4,3,261069,587889,Groningen
967,Huizinge,06/07/2016,21:54:00,0.3,3,239783,595258,Groningen
968,Hoogezand/Sappemeer,09/07/2016,10:47:53,1.1,3,248679,572938,Groningen
969,Noordbroek,17/07/2016,12:01:18,0.5,3,255262,578302,Groningen
970,Garsthuizen,18/07/2016,08:58:11,1.7,3,242963,599880,Groningen
971,Siddeburen,22/07/2016,10:55:15,0.3,3,252901,589163,Groningen
972,Noordbroek,23/07/2016,17:59:45,0.1,3,255911,582434,Groningen
973,Meedhuizen,26/07/2016,14:02:10,0.9,3,256376,588901,Groningen
974,Hellum,28/07/2016,15:57:28,0.8,3,250900,585783,Groningen
975,Meedhuizen,28/07/2016,05:32:13,0.2,3,253232,589281,Groningen
976,Kantens,07/08/2016,20:40:22,1.3,3,238645,599357,Groningen
977,Zuidbroek,08/08/2016,00:03:39,0.4,3,255624,576974,Groningen
978,Sint-Annen,10/08/2016,18:16:25,0.5,3,240432,592487,Groningen
979,Harkstede,14/08/2016,04:07:50,0.2,3,241216,582260,Groningen
980,Nieuwolda-Oost,14/08/2016,01:50:44,0.7,3,263954,584280,Groningen
981,Oostwold (Gr.),23/08/2016,03:53:30,1,3,265117,583082,Groningen
982,Oostwold (Gr.),23/08/2016,02:11:16,0.6,3,264513,583179,Groningen
983,Meedhuizen,24/08/2016,13:09:08,0.8,3,256043,592011,Groningen
984,Garsthuizen,24/08/2016,18:44:23,0.6,3,243974,599230,Groningen
985,Delfzijl,24/08/2016,23:44:03,1.1,3,259058,597531,Groningen
986,Usquert,28/08/2016,03:27:53,1.3,3,238061,602352,Groningen
987,Harkstede,01/09/2016,00:07:52,0.4,3,243651,580634,Groningen
988,Hellum,02/09/2016,13:16:00,2.1,3,252307,582249,Groningen
989,Oosterwijtwerd,09/09/2016,12:21:23,0.8,3,249841,595447,Groningen
990,Woltersum,11/09/2016,23:22:55,0.2,3,245502,588795,Groningen
991,Wagenborgen,21/09/2016,14:21:32,1.2,3,258966,586396,Groningen
992,Garmerwolde,27/09/2016,23:22:14,0.9,3,237029,584858,Groningen
993,Wirdum (Gr.),02/10/2016,01:47:17,0.3,3,247729,594403,Groningen
994,Garrelsweer,04/10/2016,14:46:19,0.5,3,248137,590515,Groningen
995,Schildwolde,06/10/2016,02:56:46,0.4,3,250190,584544,Groningen
996,Bierum,07/10/2016,00:16:17,0.9,3,259671,602999,Groningen
997,Ten Post,12/10/2016,07:12:46,0.5,3,244179,591776,Groningen
998,Appingedam,24/10/2016,09:43:47,0.6,3,253347,590174,Groningen
999,Appingedam,29/10/2016,14:36:14,0.6,3,252862,591054,Groningen
1000,Wirdum (Gr.),01/11/2016,00:57:46,2.2,3,249776,591994,Groningen
1001,Wirdum (Gr.),01/11/2016,00:12:28,1.9,3,249653,591435,Groningen
1002,Wagenborgen,05/11/2016,16:58:15,0.8,3,258603,587724,Groningen
1003,Wirdum (Gr.),08/11/2016,11:25:33,0.9,3,248726,594534,Groningen
1004,Wirdum (Gr.),08/11/2016,11:23:17,1.4,3,248788,594758,Groningen
1005,Siddeburen,10/11/2016,06:35:42,0.7,3,254262,584627,Groningen
1006,Oosterwijtwerd,20/11/2016,18:57:56,1.6,3,251641,595371,Groningen
1007,Garrelsweer,20/11/2016,17:58:40,1.2,3,249322,591318,Groningen
1008,Ten Post,20/11/2016,15:20:07,1,3,245458,591132,Groningen
1009,Woldendorp,22/11/2016,12:46:03,0.6,3,263320,588719,Groningen
1010,Bedum,22/11/2016,17:39:12,0.7,3,234325,590935,Groningen
1011,Garmerwolde,25/11/2016,02:11:16,0.3,3,238894,585113,Groningen
1012,Wagenborgen,26/11/2016,17:03:34,1,3,256547,587123,Groningen
1013,Leerrmens,26/11/2016,13:18:35,0.6,3,249428,596106,Groningen
1014,Holwierde,27/11/2016,19:12:32,0.9,3,252331,597500,Groningen
1015,Appingedam,02/12/2016,08:58:21,0.8,0.8,253750,593299,Groningen
1016,Appingedam,05/12/2016,22:11:06,0.1,0.1,251634,595705,Groningen
1017,Wagenborgen,05/12/2016,12:15:43,0.4,0.4,256823,586684,Groningen
1018,Loppersum,07/12/2016,01:52:49,1.8,1.8,247385,594953,Groningen
1019,Nieuwolda,11/12/2016,00:25:42,0.2,0.2,258344,584267,Groningen
1020,Woldendorp,12/12/2016,11:28:07,0.6,0.6,261076,587555,Groningen
1021,Leermens,15/12/2016,04:44:48,0.6,0.6,249561,596109,Groningen
1022,Eems-Dollard (nabij Holwierde),15/12/2016,10:45:30,1.6,1.6,257802,600175,Groningen
1023,Nieuwolda,16/12/2016,19:55:23,0.6,0.6,261568,586453,Groningen
1024,Groningen,17/12/2016,11:56:47,0.6,0.6,239497,581228,Groningen
1025,Harkstede,20/12/2016,16:15:39,1.1,1.1,242428,581725,Groningen
1026,Holwierde,22/12/2016,23:41:01,0.5,0.5,253552,596412,Groningen
1027,Wirdum,30/12/2016,03:05:53,1,1,249320,591429,Groningen
